trial_nr	onset	event_type	phase	response	nr_frames	condition	hazard	state	freq	volume	onset_abs	duration
0	3.7676237000268884	stim	2		50	surprise	0.05	1.0	2000.0	1.0	23.768466900044587	0.5000405999890063
1	5.267852300021332	stim	2		50	surprise	0.05	1.0	2000.0	1.0	25.26869550003903	0.500089899986051
2	6.768479700025637	stim	2		50	surprise	0.05	1.0	1000.0	0.9804947171720192	26.769322900043335	0.49979829997755587
3	8.268155900004786	stim	2		50	surprise	0.05	1.0	2000.0	1.0	28.268999100022484	0.5004720000142697
4	9.76830290001817	stim	2		50	surprise	0.05	1.0	2000.0	1.0	29.76914610003587	0.4992922999954317
5	11.267669900000328	stim	2		50	surprise	0.05	1.0	2000.0	1.0	31.268513100018026	0.49897580000106245
6	12.757767700008117	stim	2		51	surprise	0.05	1.0	2000.0	1.0	32.758610900025815	0.5095922999898903
7	14.267092800000682	stim	2		50	surprise	0.05	1.0	2000.0	1.0	34.26793600001838	0.49972010002238676
8	15.767115800001193	stim	2		50	surprise	0.05	1.0	2000.0	1.0	35.76795900001889	0.49974769999971613
9	17.267597199999727	stim	2		50	surprise	0.05	1.0	2000.0	1.0	37.268440400017425	0.5051197000138927
10	18.76822150000953	stim	2		50	surprise	0.05	1.0	2000.0	1.0	38.76906470002723	0.49990019999677315
11	20.26820210000733	stim	2		50	surprise	0.05	1.0	2000.0	1.0	40.26904530002503	0.500218400004087
12	21.768115600018064	stim	2		50	surprise	0.05	1.0	2000.0	1.0	41.76895880003576	0.500074699986726
13	23.26843789999839	stim	2		50	surprise	0.05	1.0	2000.0	1.0	43.26928110001609	0.4999893000058364
14	24.76839550002478	stim	2		50	surprise	0.05	1.0	2000.0	1.0	44.76923870004248	0.49953699999605305
15	26.26856970001245	stim	2		50	surprise	0.05	1.0	2000.0	1.0	46.26941290003015	0.5003453000099398
16	27.767368100001477	stim	2		50	surprise	0.05	1.0	2000.0	1.0	47.768211300019175	0.5000742000120226
17	29.267367799999192	stim	2		50	surprise	0.05	1.0	2000.0	1.0	49.26821100001689	0.4997571000130847
18	30.768253500020364	stim	2		50	surprise	0.05	1.0	2000.0	1.0	50.76909670003806	0.498791899997741
19	32.26786570000695	stim	2		50	surprise	0.05	1.0	2000.0	1.0	52.26870890002465	0.5000164000084624
20	33.76782180002192	stim	2		50	surprise	0.05	1.0	2000.0	1.0	53.76866500003962	0.5000639999925625
21	35.2683794000186	stim	2		50	surprise	0.05	1.0	2000.0	1.0	55.2692226000363	0.49990679998882115
22	36.76885500000208	stim	2		50	surprise	0.05	1.0	2000.0	1.0	56.769698200019775	0.4995182999991812
23	38.26843010002631	stim	2		50	surprise	0.05	1.0	2000.0	1.0	58.269273300044006	0.5000348999747075
24	39.76861440000357	stim	2		50	surprise	0.05	1.0	1000.0	0.9804947171720192	59.76945760002127	0.49997800000710413
25	41.26849760001642	stim	2		50	surprise	0.05	1.0	2000.0	1.0	61.269340800034115	0.5003382999857422
26	42.769105200015474	stim	2		50	surprise	0.05	1.0	1000.0	0.9804947171720192	62.76994840003317	0.4997776999953203
27	44.26915710000321	stim	2		50	surprise	0.05	-1.0	1000.0	0.9804947171720192	64.27000030002091	0.4987955999968108
28	45.768216600001324	stim	2		50	surprise	0.05	-1.0	2000.0	1.0	65.76905980001902	0.4999829000153113
29	47.267978600022616	stim	2		50	surprise	0.05	-1.0	2000.0	1.0	67.26882180004031	0.5027907000039704
30	48.76787989999866	stim	2		50	surprise	0.05	1.0	2000.0	1.0	68.76872310001636	0.49967040002229623
31	50.267972800007556	stim	2		50	surprise	0.05	1.0	2000.0	1.0	70.26881600002525	0.49964240001281723
32	51.769032700016396	stim	2		50	surprise	0.05	1.0	2000.0	1.0	71.7698759000341	0.4998543999972753
33	53.268838900025	stim	2		50	surprise	0.05	1.0	2000.0	1.0	73.2696821000427	0.5000683999969624
34	54.76902540001902	stim	2		50	surprise	0.05	1.0	2000.0	1.0	74.76986860003672	0.49975980000454
35	56.269209899997804	stim	2		50	surprise	0.05	1.0	2000.0	1.0	76.2700531000155	0.49988760001724586
36	57.76945170000545	stim	2		50	surprise	0.05	1.0	2000.0	1.0	77.77029490002315	0.49971329999971204
37	59.26922950000153	stim	2		50	surprise	0.05	1.0	2000.0	1.0	79.27007270001923	0.5000555000151508
38	60.7694676000101	stim	2		50	surprise	0.05	-1.0	1000.0	0.9804947171720192	80.7703108000278	0.4983314000128303
39	62.268044700002065	stim	2		50	surprise	0.05	-1.0	1000.0	0.9804947171720192	82.26888790001976	0.49999470001785085
40	63.76867810002295	stim	2		50	surprise	0.05	-1.0	1000.0	0.9804947171720192	83.76952130004065	0.4997908999794163
41	65.26898710001842	stim	2		50	surprise	0.05	-1.0	1000.0	0.9804947171720192	85.26983030003612	0.49964100000215694
42	66.76864300001762	stim	2		50	surprise	0.05	-1.0	1000.0	0.9804947171720192	86.76948620003532	0.4997972999990452
43	68.26915670000017	stim	2		50	surprise	0.05	-1.0	1000.0	0.9804947171720192	88.26999990001787	0.5000405000173487
44	69.76912730000913	stim	2		50	surprise	0.05	1.0	2000.0	1.0	89.76997050002683	0.4999887000012677
45	71.26907760000904	stim	2		50	surprise	0.05	1.0	2000.0	1.0	91.26992080002674	0.5004594000056386
46	72.76907320000464	stim	2		50	surprise	0.05	-1.0	1000.0	0.9804947171720192	92.76991640002234	0.5004328000068199
47	74.26930169999832	stim	2		50	surprise	0.05	-1.0	1000.0	0.9804947171720192	94.27014490001602	0.4997861000010744
48	75.7701390000002	stim	2		50	surprise	0.05	-1.0	1000.0	0.9804947171720192	95.7709822000179	0.499538100004429
49	77.26993120001862	stim	2		50	surprise	0.05	-1.0	1000.0	0.9804947171720192	97.27077440003632	0.4997490999812726
50	78.76874080000562	stim	2		50	surprise	0.05	-1.0	1000.0	0.9804947171720192	98.76958400002331	0.5000632000155747
51	80.26893640001072	stim	2		50	surprise	0.05	-1.0	1000.0	0.9804947171720192	100.26977960002841	0.4997628999990411
52	81.76887820000411	stim	2		50	surprise	0.05	-1.0	1000.0	0.9804947171720192	101.76972140002181	0.49996790001750924
53	83.26873740000883	stim	2		50	surprise	0.05	1.0	2000.0	1.0	103.26958060002653	0.49996280000777915
54	84.76945280001382	stim	2		50	surprise	0.05	1.0	2000.0	1.0	104.77029600003152	0.5034261000109836
55	86.26996510001482	stim	2		49	surprise	0.05	1.0	2000.0	1.0	106.27080830003251	0.4888978000089992
56	87.7694368000084	stim	2		50	surprise	0.05	1.0	2000.0	1.0	107.7702800000261	0.5002824999974109
57	89.26977410001564	stim	2		50	surprise	0.05	1.0	2000.0	1.0	109.27061730003334	0.5002186000056099
58	90.77042500002426	stim	2		50	surprise	0.05	1.0	2000.0	1.0	110.77126820004196	0.49971789997653104
59	92.27000070002396	stim	2		50	surprise	0.05	1.0	2000.0	1.0	112.27084390004165	0.4996028000023216
60	93.77004930001567	stim	2		50	surprise	0.05	1.0	2000.0	1.0	113.77089250003337	0.499855000001844
61	95.26911800002563	stim	2		50	surprise	0.05	-1.0	1000.0	0.9804947171720192	115.26996120004333	0.499885400000494
62	96.76890290001757	stim	2		50	surprise	0.05	-1.0	1000.0	0.9804947171720192	116.76974610003526	0.49981649999972433
63	98.26900150001165	stim	2		50	surprise	0.05	-1.0	1000.0	0.9804947171720192	118.26984470002935	0.49994340000557713
64	99.76960930001223	stim	2		50	surprise	0.05	-1.0	1000.0	0.9804947171720192	119.77045250002993	0.49973519999184646
65	101.27003660000628	stim	2		50	surprise	0.05	-1.0	1000.0	0.9804947171720192	121.27087980002398	0.49994010000955313
66	102.77006750000874	stim	2		50	surprise	0.05	-1.0	2000.0	1.0	122.77091070002643	0.49989030000870116
67	104.26983540001675	stim	2		50	surprise	0.05	1.0	2000.0	1.0	124.27067860003444	0.5002223000046797
68	105.77009620002354	stim	2		50	surprise	0.05	1.0	2000.0	1.0	125.77093940004124	0.5000750999897718
69	107.27022700000089	stim	2		50	surprise	0.05	1.0	2000.0	1.0	127.27107020001858	0.5000549000105821
70	108.77010049999808	stim	2		50	surprise	0.05	1.0	2000.0	1.0	128.77094370001578	0.49991270000464283
71	110.27088740002364	stim	2		50	surprise	0.05	-1.0	1000.0	0.9804947171720192	130.27173060004134	0.4990533999807667
72	111.76921450000373	stim	2		50	surprise	0.05	-1.0	1000.0	0.9804947171720192	131.77005770002143	0.5005745000089519
73	113.2696425000031	stim	2		50	surprise	0.05	-1.0	1000.0	0.9804947171720192	133.2704857000208	0.49927300002309494
74	114.7696182000218	stim	2		50	surprise	0.05	-1.0	1000.0	0.9804947171720192	134.7704614000395	0.5000945999927353
75	116.26971420002519	stim	2		50	surprise	0.05	-1.0	1000.0	0.9804947171720192	136.2705574000429	0.49947149999206886
76	117.76950580000994	stim	2		50	surprise	0.05	-1.0	1000.0	0.9804947171720192	137.77034900002764	0.5007716999971308
77	119.27023700001882	stim	2		50	surprise	0.05	-1.0	1000.0	0.9804947171720192	139.27108020003652	0.5001274999813177
78	120.77119880000828	stim	2		49	surprise	0.05	-1.0	1000.0	0.9804947171720192	140.77204200002598	0.4885622000147123
79	122.27024750001146	stim	2		49	surprise	0.05	-1.0	1000.0	0.9804947171720192	142.27109070002916	0.489522499992745
80	123.76005630000145	stim	2		51	surprise	0.05	-1.0	1000.0	0.9804947171720192	143.76089950001915	0.5107621000206564
81	125.27105260000098	stim	2		50	surprise	0.05	-1.0	1000.0	0.9804947171720192	145.27189580001868	0.4996792000019923
82	126.7709514000162	stim	2		50	surprise	0.05	-1.0	1000.0	0.9804947171720192	146.7717946000339	0.4999889000027906
83	128.26998340000864	stim	2		50	surprise	0.05	-1.0	1000.0	0.9804947171720192	148.27082660002634	0.4994821000145748
84	129.7698831000016	stim	2		50	surprise	0.05	1.0	1000.0	0.9804947171720192	149.7707263000193	0.5001045000099111
85	131.26970500001335	stim	2		49	surprise	0.05	-1.0	1000.0	0.9804947171720192	151.27054820003104	0.4918452999845613
86	132.76965690002544	stim	2		50	surprise	0.05	-1.0	1000.0	0.9804947171720192	152.77050010004314	0.5000225999974646
87	134.2623904000211	stim	2		50	surprise	0.05	-1.0	1000.0	0.9804947171720192	154.2632336000388	0.49709639998036437
88	135.77079470001627	stim	2		49	surprise	0.05	-1.0	1000.0	0.9804947171720192	155.77163790003397	0.4893154999881517
89	137.26024020000477	stim	2		50	surprise	0.05	-1.0	1000.0	0.9804947171720192	157.26108340002247	0.4992637000104878
90	138.76012040002388	stim	2		50	surprise	0.05	-1.0	1000.0	0.9804947171720192	158.76096360004158	0.4999756999895908
91	140.26053990001674	stim	2		50	surprise	0.05	-1.0	1000.0	0.9804947171720192	160.26138310003444	0.499023499985924
92	141.77104960000725	stim	2		50	surprise	0.05	1.0	1000.0	0.9804947171720192	161.77189280002494	0.49990799999795854
93	143.27091560000554	stim	2		50	surprise	0.05	1.0	2000.0	1.0	163.27175880002324	0.4997276000212878
94	144.76988610002445	stim	2		50	surprise	0.05	1.0	2000.0	1.0	164.77072930004215	0.500100899982499
95	146.27006310000434	stim	2		49	surprise	0.05	1.0	2000.0	1.0	166.27090630002203	0.49148550000973046
96	147.7704849000147	stim	2		49	surprise	0.05	1.0	2000.0	1.0	167.7713281000324	0.490913499990711
97	149.2613022000005	stim	2		49	surprise	0.05	1.0	2000.0	1.0	169.2621454000182	0.5000312000047415
98	150.76184610000928	stim	2		50	surprise	0.05	1.0	2000.0	1.0	170.76268930002698	0.49913790001301095
99	152.2604127000086	stim	2		50	surprise	0.05	1.0	2000.0	1.0	172.2612559000263	0.49986430001445115
100	153.76030130000436	stim	2		50	surprise	0.05	1.0	2000.0	1.0	173.76114450002206	0.49946650001220405
101	155.26111570000648	stim	2		50	surprise	0.05	1.0	2000.0	1.0	175.26195890002418	0.4989439000200946
102	156.76027960001375	stim	2		50	surprise	0.05	-1.0	1000.0	0.9804947171720192	176.76112280003144	0.4997160999919288
103	158.2710712000262	stim	2		50	surprise	0.05	-1.0	2000.0	1.0	178.2719144000439	0.4998862999782432
104	159.77176910001435	stim	2		49	surprise	0.05	-1.0	1000.0	0.9804947171720192	179.77261230003205	0.48968550001154654
105	161.27158260002034	stim	2		50	surprise	0.05	-1.0	1000.0	0.9804947171720192	181.27242580003804	0.4986542999977246
106	162.77062910000677	stim	2		50	surprise	0.05	-1.0	1000.0	0.9804947171720192	182.77147230002447	0.500061700004153
107	164.26170880001155	stim	2		51	surprise	0.05	-1.0	1000.0	0.9804947171720192	184.26255200002925	0.5084110999887343
108	165.76167050001095	stim	2		50	surprise	0.05	-1.0	2000.0	1.0	185.76251370002865	0.4998519000073429
109	167.2615286000073	stim	2		50	surprise	0.05	-1.0	2000.0	1.0	187.262371800025	0.4999039999966044
110	168.76114600000437	stim	2		50	surprise	0.05	-1.0	1000.0	0.9804947171720192	188.76198920002207	0.49930540000787005
111	170.26128679999965	stim	2		50	surprise	0.05	-1.0	1000.0	0.9804947171720192	190.26213000001735	0.499140100000659
112	171.7609236999997	stim	2		50	surprise	0.05	-1.0	1000.0	0.9804947171720192	191.7617669000174	0.5004250000056345
113	173.2609682000184	stim	2		50	surprise	0.05	-1.0	1000.0	0.9804947171720192	193.2618114000361	0.4993687999958638
114	174.76133150001988	stim	2		51	surprise	0.05	-1.0	1000.0	0.9804947171720192	194.76217470003758	0.5104530999960843
115	176.26136730000144	stim	2		50	surprise	0.05	-1.0	1000.0	0.9804947171720192	196.26221050001914	0.5010008000244852
116	177.7614316000254	stim	2		51	surprise	0.05	-1.0	1000.0	0.9804947171720192	197.7622748000431	0.5093748999934178
117	179.2615410000144	stim	2		51	surprise	0.05	-1.0	1000.0	0.9804947171720192	199.2623842000321	0.5093774999841116
118	180.7707180000143	stim	2		50	surprise	0.05	-1.0	1000.0	0.9804947171720192	200.771561200032	0.49985449999803677
119	182.26211810001405	stim	2		50	surprise	0.05	-1.0	1000.0	0.9804947171720192	202.26296130003175	0.4992985999851953
120	183.76203720000922	stim	2		50	surprise	0.05	1.0	2000.0	1.0	203.76288040002692	0.5000610999995843
121	185.261473200022	stim	2		50	surprise	0.05	1.0	2000.0	1.0	205.2623164000397	0.49986559999524616
122	186.76110420000623	stim	2		50	surprise	0.05	1.0	2000.0	1.0	206.76194740002393	0.5003348000172991
123	188.26111079999828	stim	2		50	surprise	0.05	1.0	2000.0	1.0	208.26195400001598	0.5000376000243705
124	189.7621125000005	stim	2		50	surprise	0.05	1.0	2000.0	1.0	209.7629557000182	0.49851940001826733
125	191.2609038000228	stim	2		50	surprise	0.05	1.0	2000.0	1.0	211.2617470000405	0.5018515999836382
126	192.76172570002382	stim	2		50	surprise	0.05	1.0	2000.0	1.0	212.76256890004152	0.5005283999780659
127	194.2621199999994	stim	2		50	surprise	0.05	1.0	2000.0	1.0	214.2629632000171	0.4999690000258852
128	195.76183870001114	stim	2		50	surprise	0.05	1.0	2000.0	1.0	215.76268190002884	0.5006853000086267
129	197.26227020000806	stim	2		50	surprise	0.05	1.0	2000.0	1.0	217.26311340002576	0.5001807000080589
130	198.76233670001966	stim	2		50	surprise	0.05	1.0	2000.0	1.0	218.76317990003736	0.49979119998170063
131	200.26297370000975	stim	2		50	surprise	0.05	1.0	2000.0	1.0	220.26381690002745	0.4991961999912746
132	201.76127000001725	stim	2		50	surprise	0.05	1.0	2000.0	1.0	221.76211320003495	0.49999129999196157
133	203.26125750000938	stim	2		50	surprise	0.05	1.0	2000.0	1.0	223.26210070002708	0.5002592999953777
134	204.76196460000938	stim	2		50	surprise	0.05	1.0	1000.0	0.9804947171720192	224.76280780002708	0.49986740000895225
135	206.26178650002112	stim	2		50	surprise	0.05	1.0	1000.0	0.9804947171720192	226.26262970003881	0.49974810000276193
136	207.7617441000184	stim	2		50	surprise	0.05	1.0	2000.0	1.0	227.7625873000361	0.4998539999942295
137	209.26240770000732	stim	2		50	surprise	0.05	1.0	2000.0	1.0	229.263250900025	0.49989629999618046
138	210.76227430001018	stim	2		50	surprise	0.05	1.0	2000.0	1.0	230.76311750002787	0.5002390000154264
139	212.26234700001078	stim	2		50	surprise	0.05	1.0	2000.0	1.0	232.26319020002848	0.49996839999221265
140	213.76251550001325	stim	2		50	surprise	0.05	1.0	2000.0	1.0	233.76335870003095	0.49982629998703487
141	215.26244050002424	stim	2		50	surprise	0.05	1.0	2000.0	1.0	235.26328370004194	0.4997725999855902
142	216.7631128000212	stim	2		50	surprise	0.05	1.0	2000.0	1.0	236.7639560000389	0.4996769999852404
143	218.26291650001076	stim	2		50	surprise	0.05	1.0	2000.0	1.0	238.26375970002846	0.49894710001535714
144	219.7620812000241	stim	2		50	surprise	0.05	1.0	2000.0	1.0	239.7629244000418	0.5000778999819886
145	221.26204120001057	stim	2		50	surprise	0.05	1.0	1000.0	0.9804947171720192	241.26288440002827	0.5002631999959704
146	222.76217090000864	stim	2		50	surprise	0.05	1.0	2000.0	1.0	242.76301410002634	0.49983570000040345
147	224.26182890002383	stim	2		50	surprise	0.05	-1.0	2000.0	1.0	244.26267210004153	0.4996932999929413
148	225.7627728000225	stim	2		50	surprise	0.05	-1.0	1000.0	0.9804947171720192	245.7636160000402	0.4998415999871213
149	227.26257840002654	stim	2		50	surprise	0.05	-1.0	1000.0	0.9804947171720192	247.26342160004424	0.5001398999884259
150	228.76284740000847	stim	2		50	surprise	0.05	-1.0	1000.0	0.9804947171720192	248.76369060002617	0.5000838999985717
151	230.26369740001974	stim	2		50	surprise	0.05	-1.0	1000.0	0.9804947171720192	250.26454060003744	0.49940780000179075
152	231.76310050001484	stim	2		50	surprise	0.05	-1.0	2000.0	1.0	251.76394370003254	0.49992289999499917
153	233.2631720000063	stim	2		50	surprise	0.05	-1.0	1000.0	0.9804947171720192	253.264015200024	0.4998580999963451
154	234.76306500000646	stim	2		50	surprise	0.05	-1.0	1000.0	0.9804947171720192	254.76390820002416	0.49911190001876093
155	236.26211120001972	stim	2		50	surprise	0.05	-1.0	1000.0	0.9804947171720192	256.2629544000374	0.4999550999782514
156	237.76214240002446	stim	2		50	surprise	0.05	-1.0	1000.0	0.9804947171720192	257.76298560004216	0.49969830000190996
157	239.26195230000303	stim	2		50	surprise	0.05	-1.0	1000.0	0.9804947171720192	259.26279550002073	0.5004541999951471
158	240.76257220000844	stim	2		50	surprise	0.05	-1.0	1000.0	0.9804947171720192	260.76341540002613	0.4993347999989055
159	242.2629513000138	stim	2		50	surprise	0.05	-1.0	1000.0	0.9804947171720192	262.2637945000315	0.5002079000114463
160	243.7629322000139	stim	2		50	surprise	0.05	-1.0	1000.0	0.9804947171720192	263.7637754000316	0.5003046999918297
161	245.26354680000804	stim	2		50	surprise	0.05	-1.0	1000.0	0.9804947171720192	265.26439000002574	0.49942350000492297
162	246.7628657000023	stim	2		50	surprise	0.05	-1.0	2000.0	1.0	266.76370890002	0.5004743000026792
163	248.26324359999853	stim	2		50	surprise	0.05	-1.0	1000.0	0.9804947171720192	268.26408680001623	0.5002014000201598
164	249.76329200001783	stim	2		50	surprise	0.05	-1.0	1000.0	0.9804947171720192	269.7641352000355	0.5011005999986082
165	251.26337080000667	stim	2		50	surprise	0.05	-1.0	1000.0	0.9804947171720192	271.26421400002437	0.4995901999936905
166	252.7628163000045	stim	2		50	surprise	0.05	-1.0	1000.0	0.9804947171720192	272.7636595000222	0.49983750001410954
167	254.26276420001523	stim	2		50	surprise	0.05	-1.0	1000.0	0.9804947171720192	274.2636074000329	0.4996683000063058
168	255.76284229999874	stim	2		50	surprise	0.05	1.0	2000.0	1.0	275.76368550001644	0.49964860000181943
169	257.262775900017	stim	2		50	surprise	0.05	1.0	2000.0	1.0	277.2636191000347	0.49986129999160767
170	258.76362959999824	stim	2		50	surprise	0.05	1.0	2000.0	1.0	278.76447280001594	0.49988800002029166
171	260.2637339000066	stim	2		50	surprise	0.05	1.0	2000.0	1.0	280.2645771000243	0.49973120001959614
172	261.7632334000082	stim	2		50	surprise	0.05	1.0	2000.0	1.0	281.7640766000259	0.5000054000120144
173	263.26375740001095	stim	2		50	surprise	0.05	1.0	2000.0	1.0	283.26460060002864	0.49979579998762347
174	264.7639058000059	stim	2		50	surprise	0.05	1.0	2000.0	1.0	284.7647490000236	0.49947660000179894
175	266.2639832000132	stim	2		50	surprise	0.05	1.0	2000.0	1.0	286.26482640003087	0.49996429999009706
176	267.76395660001435	stim	2		50	surprise	0.05	1.0	2000.0	1.0	287.76479980003205	0.4998693999950774
177	269.2631105000037	stim	2		50	surprise	0.05	1.0	2000.0	1.0	289.2639537000214	0.49973700000555255
178	270.76289510002243	stim	2		50	surprise	0.05	1.0	2000.0	1.0	290.76373830004013	0.4998722999880556
179	272.26301380002405	stim	2		50	surprise	0.05	1.0	2000.0	1.0	292.26385700004175	0.4999070999911055
180	273.7627773999993	stim	2		50	surprise	0.05	1.0	2000.0	1.0	293.763620600017	0.49981050001224503
181	275.26399230002426	stim	2		50	surprise	0.05	1.0	2000.0	1.0	295.26483550004195	0.49992619999102317
182	276.76378950002254	stim	2		50	surprise	0.05	1.0	2000.0	1.0	296.76463270004024	0.5000183999945875
183	278.263735000015	stim	2		50	surprise	0.05	1.0	2000.0	1.0	298.2645782000327	0.5003754000063054
184	279.7638499000168	stim	2		50	surprise	0.05	1.0	1000.0	0.9804947171720192	299.7646931000345	0.5003693999897223
185	281.26414890002343	stim	2		50	surprise	0.05	1.0	2000.0	1.0	301.2649921000411	0.5003726999857463
186	282.7642198000103	stim	2		50	surprise	0.05	1.0	2000.0	1.0	302.765063000028	0.4998877999896649
187	284.2646683000203	stim	2		50	surprise	0.05	1.0	2000.0	1.0	304.265511500038	0.49927679999382235
188	285.76313460001256	stim	2		50	surprise	0.05	1.0	2000.0	1.0	305.76397780003026	0.5005515000084415
189	287.26387510000495	stim	2		50	surprise	0.05	1.0	2000.0	1.0	307.26471830002265	0.49955450001289137
190	288.7636610000045	stim	2		50	surprise	0.05	1.0	2000.0	1.0	308.7645042000222	0.4998679000127595
191	290.26359470002353	stim	2		50	surprise	0.05	1.0	2000.0	1.0	310.26443790004123	0.4994748999888543
192	291.7634936000104	stim	2		50	surprise	0.05	1.0	2000.0	1.0	311.7643368000281	0.5006377999961842
193	293.26397960001486	stim	2		50	surprise	0.05	1.0	2000.0	1.0	313.26482280003256	0.5000867999915499
194	294.76434130000416	stim	2		50	surprise	0.05	1.0	2000.0	1.0	314.76518450002186	0.49972920000436716
195	296.2640730999992	stim	2		50	surprise	0.05	1.0	2000.0	1.0	316.2649163000169	0.5001228000037372
196	297.7643221000035	stim	2		50	surprise	0.05	1.0	2000.0	1.0	317.7651653000212	0.5006080000021029
197	299.26425130001735	stim	2		50	surprise	0.05	1.0	2000.0	1.0	319.26509450003505	0.5004448999825399
198	300.7648959000071	stim	2		50	surprise	0.05	1.0	2000.0	1.0	320.7657391000248	0.4999864000128582
199	302.2638062000042	stim	2		50	surprise	0.05	1.0	2000.0	1.0	322.2646494000219	0.49989790000836365
200	303.76380910002626	stim	2		50	surprise	0.05	-1.0	2000.0	1.0	323.76465230004396	0.49992929998552427
201	305.2638281000254	stim	2		50	surprise	0.05	-1.0	1000.0	0.9804947171720192	325.2646713000431	0.49938949997886084
202	306.7637568000064	stim	2		50	surprise	0.05	-1.0	1000.0	0.9804947171720192	326.7646000000241	0.49997080001048744
203	308.26357450001524	stim	2		50	surprise	0.05	-1.0	1000.0	0.9804947171720192	328.26441770003294	0.5007687000033911
204	309.7649483999994	stim	2		50	surprise	0.05	-1.0	1000.0	0.9804947171720192	329.7657916000171	0.4995078000065405
205	311.26443420001306	stim	2		50	surprise	0.05	-1.0	1000.0	0.9804947171720192	331.26527740003075	0.5001272000081372
206	312.76458640000783	stim	2		50	surprise	0.05	-1.0	1000.0	0.9804947171720192	332.7654296000255	0.5000368000182789
207	314.264940699999	stim	2		50	surprise	0.05	-1.0	1000.0	0.9804947171720192	334.2657839000167	0.5001427000097465
208	315.765057600016	stim	2		50	surprise	0.05	-1.0	1000.0	0.9804947171720192	335.7659008000337	0.5004358000005595
209	317.2648905000242	stim	2		50	surprise	0.05	-1.0	1000.0	0.9804947171720192	337.2657337000419	0.5001018999901135
210	318.7642542000103	stim	2		50	surprise	0.05	-1.0	1000.0	0.9804947171720192	338.765097400028	0.4997571000130847
211	320.2638105000078	stim	2		50	surprise	0.05	-1.0	1000.0	0.9804947171720192	340.2646537000255	0.5001454000012018
212	321.76392120000673	stim	2		50	surprise	0.05	-1.0	1000.0	0.9804947171720192	341.76476440002443	0.4995296999986749
213	323.26449110000976	stim	2		50	surprise	0.05	-1.0	1000.0	0.9804947171720192	343.26533430002746	0.4998142000113148
214	324.76473510000505	stim	2		50	surprise	0.05	1.0	1000.0	0.9804947171720192	344.76557830002275	0.499526200001128
215	326.2648113000032	stim	2		50	surprise	0.05	-1.0	1000.0	0.9804947171720192	346.2656545000209	0.5000080000027083
216	327.76493040000787	stim	2		50	surprise	0.05	-1.0	1000.0	0.9804947171720192	347.76577360002557	0.5002641000028234
217	329.26543910001055	stim	2		50	surprise	0.05	-1.0	2000.0	1.0	349.26628230002825	0.49963279999792576
218	330.7652350999997	stim	2		50	surprise	0.05	-1.0	1000.0	0.9804947171720192	350.7660783000174	0.4999705000082031
219	332.26512760002515	stim	2		50	surprise	0.05	-1.0	1000.0	0.9804947171720192	352.26597080004285	0.49997459998121485
220	333.765873700002	stim	2		50	surprise	0.05	-1.0	1000.0	0.9804947171720192	353.7667169000197	0.4991804000164848
221	335.26561940001557	stim	2		50	surprise	0.05	-1.0	1000.0	0.9804947171720192	355.26646260003326	0.4989585999865085
222	336.764811800007	stim	2		50	surprise	0.05	-1.0	1000.0	0.9804947171720192	356.7656550000247	0.4996211999969091
223	338.26468730001943	stim	2		50	surprise	0.05	-1.0	1000.0	0.9804947171720192	358.26553050003713	0.4997913999832235
224	339.7645414000144	stim	2		50	surprise	0.05	-1.0	1000.0	0.9804947171720192	359.7653846000321	0.5001921000075527
225	341.2645009000262	stim	2		50	surprise	0.05	-1.0	1000.0	0.9804947171720192	361.2653441000439	0.4995391999837011
226	342.7653603000217	stim	2		50	surprise	0.05	-1.0	1000.0	0.9804947171720192	362.7662035000394	0.49976649999734946
227	344.26534990000073	stim	2		50	surprise	0.05	-1.0	1000.0	0.9804947171720192	364.2661931000184	0.5002851000172086
228	345.7651356999995	stim	2		50	surprise	0.05	-1.0	1000.0	0.9804947171720192	365.7659789000172	0.5006059000152163
229	347.2657596000063	stim	2		50	surprise	0.05	-1.0	1000.0	0.9804947171720192	367.266602800024	0.4999926000018604
230	348.76586450001923	stim	2		50	surprise	0.05	1.0	2000.0	1.0	368.76670770003693	0.49986209999769926
231	350.26574000000255	stim	2		50	surprise	0.05	1.0	2000.0	1.0	370.26658320002025	0.4996898999961559
232	351.76590430000215	stim	2		50	surprise	0.05	1.0	2000.0	1.0	371.76674750001985	0.49828930001240224
233	353.2648180000251	stim	2		50	surprise	0.05	1.0	2000.0	1.0	373.2656612000428	0.49986049998551607
234	354.76479720001225	stim	2		50	surprise	0.05	1.0	2000.0	1.0	374.76564040002995	0.5005717999883927
235	356.26460110000335	stim	2		50	surprise	0.05	1.0	2000.0	1.0	376.26544430002104	0.5007108999998309
236	357.76539330001106	stim	2		50	surprise	0.05	1.0	2000.0	1.0	377.76623650002875	0.49930130000575446
237	359.26574339999934	stim	2		50	surprise	0.05	1.0	2000.0	1.0	379.26658660001704	0.49980470002628863
238	360.7655888000154	stim	2		50	surprise	0.05	1.0	1000.0	0.9804947171720192	380.7664320000331	0.5001810000103433
239	362.2657195000211	stim	2		50	surprise	0.05	1.0	2000.0	1.0	382.2665627000388	0.49991210000007413
240	363.766306000005	stim	2		50	surprise	0.05	1.0	2000.0	1.0	383.7671492000227	0.4996467000164557
241	365.2659077999997	stim	2		50	surprise	0.05	1.0	2000.0	1.0	385.2667510000174	0.5001770000089891
242	366.7658433000033	stim	2		50	surprise	0.05	1.0	2000.0	1.0	386.766686500021	0.49965209999936633
243	368.2659453000233	stim	2		50	surprise	0.05	1.0	2000.0	1.0	388.266788500041	0.49967520000063814
244	369.7658472000039	stim	2		50	surprise	0.05	1.0	2000.0	1.0	389.7666904000216	0.499689300020691
245	371.26549960000557	stim	2		50	surprise	0.05	1.0	2000.0	1.0	391.26634280002327	0.49917560000903904
246	372.7653844000015	stim	2		50	surprise	0.05	1.0	1000.0	0.9804947171720192	392.7662276000192	0.49989970002206974
247	374.26543260001927	stim	2		50	surprise	0.05	1.0	2000.0	1.0	394.26627580003696	0.49993849999736995
248	375.76577180001186	stim	2		50	surprise	0.05	1.0	2000.0	1.0	395.76661500002956	0.5001381000038236
249	377.2660278000112	stim	2		50	surprise	0.05	1.0	2000.0	1.0	397.2668710000289	0.4999864000128582
250	378.76710740002454	stim	2		50	surprise	0.05	1.0	2000.0	1.0	398.76795060004224	0.49882029998116195
251	380.266067700024	stim	2		50	surprise	0.05	1.0	2000.0	1.0	400.2669109000417	0.5009028999775182
252	381.7661194000102	stim	2		50	surprise	0.05	1.0	2000.0	1.0	401.7669626000279	0.5003355999942869
253	383.26652760000434	stim	2		50	surprise	0.05	1.0	2000.0	1.0	403.26737080002204	0.4998924999963492
254	384.76656280001043	stim	2		50	surprise	0.05	1.0	2000.0	1.0	404.76740600002813	0.4997952000121586
255	386.265573200013	stim	2		50	surprise	0.05	1.0	2000.0	1.0	406.2664164000307	0.5000230000005104
256	387.7655572000076	stim	2		50	surprise	0.05	1.0	2000.0	1.0	407.7664004000253	0.49998510000295937
257	389.2659944000188	stim	2		50	surprise	0.05	1.0	2000.0	1.0	409.2668376000365	0.4993241000047419
258	390.765452200023	stim	2		50	surprise	0.05	1.0	1000.0	0.9804947171720192	410.7662954000407	0.49960599999758415
259	392.26534390001325	stim	2		50	surprise	0.05	1.0	2000.0	1.0	412.26618710003095	0.501114000013331
260	393.76659670000663	stim	2		50	surprise	0.05	1.0	2000.0	1.0	413.7674399000243	0.5003046999918297
261	395.266376900021	stim	2		50	surprise	0.05	1.0	1000.0	0.9804947171720192	415.2672201000387	0.5001865999947768
262	396.7663670000038	stim	2		50	surprise	0.05	1.0	2000.0	1.0	416.7672102000215	0.5000023000175133
263	398.2669158000208	stim	2		50	surprise	0.05	1.0	1000.0	0.9804947171720192	418.2677590000385	0.5003896999987774
264	399.76703340001404	stim	2		50	surprise	0.05	1.0	2000.0	1.0	419.76787660003174	0.4998499999928754
265	401.2668751000019	stim	2		50	surprise	0.05	1.0	2000.0	1.0	421.2677183000196	0.4994091000116896
266	402.765746900026	stim	2		50	surprise	0.05	1.0	2000.0	1.0	422.7665901000437	0.4995879999769386
267	404.266898700007	stim	2		50	surprise	0.05	1.0	2000.0	1.0	424.2677419000247	0.49848130001919344
268	405.76621040000464	stim	2		50	surprise	0.05	1.0	1000.0	0.9804947171720192	425.76705360002234	0.49996630000532605
269	407.26623570002266	stim	2		50	surprise	0.05	1.0	2000.0	1.0	427.26707890004036	0.49993409999297
270	408.7662951000093	stim	2		50	surprise	0.05	1.0	2000.0	1.0	428.767138300027	0.500551600009203
271	410.2665706000116	stim	2		50	surprise	0.05	1.0	2000.0	1.0	430.2674138000293	0.5005880999960937
272	411.7668123000185	stim	2		50	surprise	0.05	1.0	1000.0	0.9804947171720192	431.7676555000362	0.4998537999927066
273	413.2668529000075	stim	2		50	surprise	0.05	1.0	2000.0	1.0	433.2676961000252	0.49991250000311993
274	414.76698700001	stim	2		50	surprise	0.05	1.0	2000.0	1.0	434.7678302000277	0.5005392000020947
275	416.2668798000086	stim	2		50	surprise	0.05	1.0	2000.0	1.0	436.2677230000263	0.5005318000039551
276	417.7673417000042	stim	2		50	surprise	0.05	1.0	2000.0	1.0	437.7681849000219	0.4999191999959294
277	419.2668948000064	stim	2		50	surprise	0.05	1.0	2000.0	1.0	439.2677380000241	0.4996044000145048
278	420.7666444000206	stim	2		50	surprise	0.05	1.0	2000.0	1.0	440.7674876000383	0.49972199997864664
279	422.2663200000243	stim	2		50	surprise	0.05	1.0	2000.0	1.0	442.267163200042	0.5000783999857958
280	423.767095600022	stim	2		50	surprise	0.05	1.0	2000.0	1.0	443.7679388000397	0.49897950000013225
281	425.2662353000196	stim	2		50	surprise	0.05	1.0	2000.0	1.0	445.2670785000373	0.5016558000061195
282	426.7668941000011	stim	2		50	surprise	0.05	1.0	1000.0	0.9804947171720192	446.7677373000188	0.5004294000100344
283	428.26757700002054	stim	2		50	surprise	0.05	1.0	2000.0	1.0	448.26842020003824	0.49928009998984635
284	429.76742509999895	stim	2		50	surprise	0.05	1.0	2000.0	1.0	449.76826830001664	0.49995540000963956
285	431.2676092000038	stim	2		50	surprise	0.05	1.0	2000.0	1.0	451.2684524000215	0.49981880001723766
286	432.7674712000007	stim	2		50	surprise	0.05	1.0	2000.0	1.0	452.7683144000184	0.5001193000061903
287	434.2676425000245	stim	2		50	surprise	0.05	1.0	1000.0	0.9804947171720192	454.2684857000422	0.4996953999798279
288	435.7665715000185	stim	2		50	surprise	0.05	1.0	2000.0	1.0	455.76741470003617	0.4999841999961063
289	437.26658060000045	stim	2		50	surprise	0.05	1.0	2000.0	1.0	457.26742380001815	0.4999429000017699
290	438.767648500012	stim	2		50	surprise	0.05	-1.0	1000.0	0.9804947171720192	458.7684917000297	0.4985930999973789
291	440.2670126000012	stim	2		50	surprise	0.05	-1.0	1000.0	0.9804947171720192	460.2678558000189	0.5010341000161134
292	441.7669582000235	stim	2		50	surprise	0.05	-1.0	1000.0	0.9804947171720192	461.7678014000412	0.49990039999829605
293	443.267550700024	stim	2		50	surprise	0.05	-1.0	1000.0	0.9804947171720192	463.2683939000417	0.49984439997933805
294	444.7675606000121	stim	2		50	surprise	0.05	-1.0	1000.0	0.9804947171720192	464.7684038000298	0.5003597000031732
295	446.2673549000174	stim	2		50	surprise	0.05	-1.0	1000.0	0.9804947171720192	466.2681981000351	0.5002993999805767
296	447.7677303000237	stim	2		50	surprise	0.05	-1.0	1000.0	0.9804947171720192	467.7685735000414	0.5001373999984935
297	449.2680594000267	stim	2		50	surprise	0.05	-1.0	1000.0	0.9804947171720192	469.2689026000444	0.49952109999139793
298	450.76766340000904	stim	2		50	surprise	0.05	-1.0	1000.0	0.9804947171720192	470.76850660002674	0.4997905000054743
299	452.2676710000087	stim	2		500	surprise	0.05	-1.0	1000.0	0.9804947171720192	472.2685142000264	4.999535300012212
